<?xml version="1.0" encoding="UTF-8"?>
<Resources>
	<ResourceGroup name="ng">	
		<Resource id="error" type="img">
			<File>error_message.png</File>
		</Resource>
	</ResourceGroup>
	<ResourceGroup name="ngmap">
		<Resource id="GpsBound" type="img">
			<File>new_arrow.pvr</File>
		</Resource>
		<Resource id="GpsUnbound" type="img">
			<File>new_arrow2.pvr</File>
		</Resource>
		<Resource id="sky" type="img">
			<File>sky.pvr</File>
		</Resource>
		<Resource id="earth" type="img">
			<File>earth_565.pvr</File>
		</Resource>
		<Resource id="basemap_texture" type="img">
			<File>basemap.png</File>
		</Resource>		
	</ResourceGroup>
	<ResourceGroup name="glui" path="glui/">
		<Resource id="LargeButton" type="img">
			<File>window_base.pvr</File>
		</Resource>
		<Resource id="SmallButton" type="img">
			<File>button_small.pvr</File>
		</Resource>
		<Resource id="BarTrack" type="img">
			<File>navbar.pvr</File>
		</Resource>
		<Resource id="List" type="img">
			<File>list.pvr</File>
		</Resource>
		<Resource id="TextBar" type="img">
			<File>textbar.pvr</File>
		</Resource>
		<Resource id="Black" type="img">
			<File>black.pvr</File>
		</Resource>
	</ResourceGroup>
	<ResourceGroup path="glui/routeinstructions/">
		<Resource id="UNKNOWN_INSTRUCTION" type="img">
			<File>00_unknown.pvr</File>
		</Resource>
		<Resource id="ROUNDABOUT" type="img">
			<File>01_roundabout.pvr</File>
		</Resource>
		<Resource id="EXIT" type="img">
			<File>02_exit.pvr</File>
		</Resource>
		<Resource id="KEEP_LEFT" type="img">
			<File>03_keep_left.pvr</File>
		</Resource>
		<Resource id="TURN_LEFT" type="img">
			<File>04_turn_left.pvr</File>
		</Resource>
		<Resource id="KEEP_RIGHT" type="img">
			<File>05_keep_right.pvr</File>
		</Resource>
		<Resource id="TURN_RIGHT" type="img">
			<File>06_turn_right.pvr</File>
		</Resource>
		<Resource id="CONTINUE" type="img">
			<File>07_continue.pvr</File>
		</Resource>
		<Resource id="ARRIVE" type="img">
			<File>08_arrive_to_dest.pvr</File>
		</Resource>
		<Resource id="U_TURNL" type="img">
			<File>09_u_turnr.pvr</File>
		</Resource>
		<Resource id="U_TURNR" type="img">
			<File>10_u_turnl.pvr</File>
		</Resource>
		<Resource id="BEAR_LEFT" type="img">
			<File>11_bear_left.pvr</File>
		</Resource>
		<Resource id="BEAR_RIGHT" type="img">
			<File>12_bear_right.pvr</File>
		</Resource>
		<Resource id="TURN_HARD_LEFT" type="img">
			<File>13_turn_hard_left.pvr</File>
		</Resource>
		<Resource id="TURN_HARD_RIGHT" type="img">
			<File>14_turn_hard_right.pvr</File>
		</Resource>
		<Resource id="TAKE_RAMP_LEFT" type="img">
			<File>15_take_ramp_left.pvr</File>
		</Resource>
		<Resource id="TAKE_RAMP_RIGHT" type="img">
			<File>16_take_ramp_right.pvr</File>
		</Resource>
	</ResourceGroup>
	<ResourceGroup name="glui" path="glui/camctrl/">
		<Resource id="CAMERA_ZOOM_IN" type="img">
			<File>camera_+.pvr</File>
		</Resource>
		<Resource id="CAMERA_ZOOM_OUT" type="img">
			<File>camera_-.pvr</File>
		</Resource>
		<Resource id="CAMERA_ROTATE_LEFT" type="img">
			<File>camera_left.pvr</File>
		</Resource>
		<Resource id="CAMERA_ROTATE_RIGHT" type="img">
			<File>camera_right.pvr</File>
		</Resource>
		<Resource id="CAMERA_TURN_UP" type="img">
			<File>camera_t_up.pvr</File>
		</Resource>
		<Resource id="CAMERA_TURN_DOWN" type="img">
			<File>camera_t_down.pvr</File>
		</Resource>
	</ResourceGroup>
	<ResourceGroup name="poi" path="pois/">
		<Resource id="151" type="img">
			<File>151.png</File>
			<File platform="retina">151@2x.png</File>
            <File platform="Android">151@2x.png</File>
		</Resource>
		<Resource id="153" type="img">
			<File>153.png</File>
			<File platform="retina">153@2x.png</File>
            <File platform="Android">153@2x.png</File>
		</Resource>
		<Resource id="152" type="img">
			<File>152.png</File>
			<File platform="retina">152@2x.png</File>
            <File platform="Android">152@2x.png</File>
		</Resource>
		<Resource id="61" type="img">
			<File>061.png</File>
			<File platform="retina">061@2x.png</File>
            <File platform="Android">061@2x.png</File>
		</Resource>
		<Resource id="62" type="img">
			<File>062.png</File>
			<File platform="retina">062@2x.png</File>
            <File platform="Android">062@2x.png</File>
		</Resource>
		<Resource id="82" type="img">
			<File>082.png</File>
			<File platform="retina">082@2x.png</File>
            <File platform="Android">082@2x.png</File>
		</Resource>
		<Resource id="83" type="img">
			<File>083.png</File>
			<File platform="retina">083@2x.png</File>
            <File platform="Android">083@2x.png</File>
		</Resource>
		<Resource id="81" type="img">
			<File>081.png</File>
			<File platform="retina">081@2x.png</File>
            <File platform="Android">081@2x.png</File>
		</Resource>
		<Resource id="166" type="img">
			<File>166.png</File>
			<File platform="retina">166@2x.png</File>
            <File platform="Android">166@2x.png</File>
		</Resource>
		<Resource id="84" type="img">
			<File>084.png</File>
			<File platform="retina">084@2x.png</File>
            <File platform="Android">084@2x.png</File>
		</Resource>
		<Resource id="85" type="img">
			<File>085.png</File>
			<File platform="retina">085@2x.png</File>
            <File platform="Android">085@2x.png</File>
		</Resource>
		<Resource id="24" type="img">
			<File>024.png</File>
			<File platform="retina">024@2x.png</File>
            <File platform="Android">024@2x.png</File>
		</Resource>
		<Resource id="26" type="img">
			<File>026.png</File>
			<File platform="retina">026@2x.png</File>
            <File platform="Android">026@2x.png</File>
		</Resource>
		<Resource id="20" type="img">
			<File>020.png</File>
			<File platform="retina">020@2x.png</File>
            <File platform="Android">020@2x.png</File>
		</Resource>
		<Resource id="22" type="img">
			<File>022.png</File>
			<File platform="retina">022@2x.png</File>
            <File platform="Android">022@2x.png</File>
		</Resource>
		<Resource id="141" type="img">
			<File>141.png</File>
			<File platform="retina">141@2x.png</File>
            <File platform="Android">141@2x.png</File>
		</Resource>
		<Resource id="28" type="img">
			<File>028.png</File>
			<File platform="retina">028@2x.png</File>
            <File platform="Android">028@2x.png</File>
		</Resource>
		<Resource id="17" type="img">
			<File>017.png</File>
			<File platform="retina">017@2x.png</File>
			<File platform="Android">017@2x.png</File>
		</Resource>
		<Resource id="40" type="img">
			<File>040.png</File>
			<File platform="retina">040@2x.png</File>
            <File platform="Android">040@2x.png</File>
		</Resource>
		<Resource id="41" type="img">
			<File>041.png</File>
			<File platform="retina">041@2x.png</File>
            <File platform="Android">041@2x.png</File>
		</Resource>
		<Resource id="222" type="img">
			<File>222.png</File>
			<File platform="retina">222@2x.png</File>
            <File platform="Android">222@2x.png</File>
		</Resource>
		<Resource id="181" type="img">
			<File>181.png</File>
			<File platform="retina">181@2x.png</File>
            <File platform="Android">181@2x.png</File>
		</Resource>
		<Resource id="5" type="img">
			<File>005.png</File>
			<File platform="retina">005@2x.png</File>
            <File platform="Android">005@2x.png</File>
		</Resource>
		<Resource id="4" type="img">
			<File>004.png</File>
			<File platform="retina">004@2x.png</File>
            <File platform="Android">004@2x.png</File>
		</Resource>
		<Resource id="401" type="img">
			<File>401.png</File>
			<File platform="retina">401@2x.png</File>
            <File platform="Android">401@2x.png</File>
		</Resource>
		<Resource id="6" type="img">
			<File>006.png</File>
			<File platform="retina">006@2x.png</File>
            <File platform="Android">006@2x.png</File>
		</Resource>
		<Resource id="341" type="img">
			<File>341.png</File>
			<File platform="retina">341@2x.png</File>
            <File platform="Android">341@2x.png</File>
		</Resource>
		<Resource id="201" type="img">
			<File>201.png</File>
			<File platform="retina">201@2x.png</File>
            <File platform="Android">201@2x.png</File>
		</Resource>
		<Resource id="202" type="img">
			<File>202.png</File>
			<File platform="retina">202@2x.png</File>
            <File platform="Android">202@2x.png</File>
		</Resource>
		<Resource id="221" type="img">
			<File>221.png</File>
			<File platform="retina">221@2x.png</File>
            <File platform="Android">221@2x.png</File>
		</Resource>
		<Resource id="10" type="img">
			<File>010.png</File>
			<File platform="retina">010@2x.png</File>
            <File platform="Android">010@2x.png</File>
		</Resource>
		<Resource id="321" type="img">
			<File>321.png</File>
			<File platform="retina">321@2x.png</File>
            <File platform="Android">321@2x.png</File>
		</Resource>
		<Resource id="301" type="img">
			<File>301.png</File>
			<File platform="retina">301@2x.png</File>
            <File platform="Android">301@2x.png</File>
		</Resource>
		<Resource id="302" type="img">
			<File>302.png</File>
			<File platform="retina">302@2x.png</File>
            <File platform="Android">302@2x.png</File>
		</Resource>
		<Resource id="303" type="img">
			<File>303.png</File>
			<File platform="retina">303@2x.png</File>
            <File platform="Android">303@2x.png</File>
		</Resource>
		<Resource id="304" type="img">
			<File>304.png</File>
			<File platform="retina">304@2x.png</File>
            <File platform="Android">304@2x.png</File>
		</Resource>
		<Resource id="261" type="img">
			<File>261.png</File>
			<File platform="retina">261@2x.png</File>
            <File platform="Android">261@2x.png</File>
		</Resource>
		<Resource id="12" type="img">
			<File>012.png</File>
			<File platform="retina">012@2x.png</File>
            <File platform="Android">012@2x.png</File>
		</Resource>
		<Resource id="164" type="img">
			<File>164.png</File>
			<File platform="retina">164@2x.png</File>
            <File platform="Android">164@2x.png</File>
		</Resource>
		<Resource id="165" type="img">
			<File>165.png</File>
			<File platform="retina">165@2x.png</File>
            <File platform="Android">165@2x.png</File>
		</Resource>
		<Resource id="38" type="img">
			<File>038.png</File>
			<File platform="retina">038@2x.png</File>
            <File platform="Android">038@2x.png</File>
		</Resource>
		<Resource id="101" type="img">
			<File>101.png</File>
			<File platform="retina">101@2x.png</File>
            <File platform="Android">101@2x.png</File>
		</Resource>
		<Resource id="160" type="img">
			<File>160.png</File>
			<File platform="retina">160@2x.png</File>
            <File platform="Android">160@2x.png</File>
		</Resource>
		<Resource id="161" type="img">
			<File>161.png</File>
			<File platform="retina">161@2x.png</File>
            <File platform="Android">161@2x.png</File>
		</Resource>
		<Resource id="162" type="img">
			<File>162.png</File>
			<File platform="retina">162@2x.png</File>
            <File platform="Android">162@2x.png</File>
		</Resource>
		<Resource id="163" type="img">
			<File>163.png</File>
			<File platform="retina">163@2x.png</File>
            <File platform="Android">163@2x.png</File>
		</Resource>
		<Resource id="902" type="img">
			<File>target_wave.pvr</File>
		</Resource>
		<Resource id="903" type="img">
			<File>pin.pvr</File>
		</Resource>
		<Resource id="900" type="img">
			<File>pin.pvr</File>
		</Resource>
		<Resource id="901" type="img">
			<File>start_wave.pvr</File>
		</Resource>
		<Resource id="15" type="img">
			<File>015.png</File>
			<File platform="retina">015@2x.png</File>
            <File platform="Android">015@2x.png</File>
		</Resource>
		<Resource id="14" type="img">
			<File>014.png</File>
			<File platform="retina">014@2x.png</File>
            <File platform="Android">014@2x.png</File>
		</Resource>
		<Resource id="904" type="img">
			<File>pin.pvr</File>
		</Resource>
		<Resource id="905" type="img">
			<File>pointing.pvr</File>
		</Resource>
		<Resource id="18" type="img">
			<File>018.png</File>
			<File platform="retina">018@2x.png</File>
            <File platform="Android">018@2x.png</File>
		</Resource>
		<Resource id="30" type="img">
			<File>030.png</File>
			<File platform="retina">030@2x.png</File>
            <File platform="Android">030@2x.png</File>
		</Resource>
		<Resource id="51" type="img">
			<File>051.png</File>
			<File platform="retina">051@2x.png</File>
            <File platform="Android">051@2x.png</File>
		</Resource>
		<Resource id="36" type="img">
			<File>036.png</File>
			<File platform="retina">036@2x.png</File>
            <File platform="Android">036@2x.png</File>
		</Resource>
		<Resource id="34" type="img">
			<File>034.png</File>
			<File platform="retina">034@2x.png</File>
            <File platform="Android">034@2x.png</File>
		</Resource>
		<Resource id="32" type="img">
			<File>032.png</File>
			<File platform="retina">032@2x.png</File>
            <File platform="Android">032@2x.png</File>
		</Resource>
	</ResourceGroup>
	<ResourceGroup path="fonts/">
		<Resource type="font" id="FONT_UI_SYSTEM_DEFAULT">
			<file>arial20.fnt</file>
		</Resource>
		<Resource type="font" id="FONT_MAP_AREA_LABEL">
			<file>arial16.fnt</file>
			<file platform="retina">arial28_retina.fnt</file>
            <File platform="Android">arial28_retina.fnt</File>
		</Resource>
		<Resource type="font" id="FONT_MAP_AREA_LONG_HAUL_LABEL">
			<file>arial20.fnt</file>
			<file platform="retina">arial34_retina.fnt</file>
            <File platform="Android">arial34_retina.fnt</File>
		</Resource>
		<Resource type="font" id="FONT_MAP_STREET_LABEL">
			<file>arial14.fnt</file>
			<file platform="retina">arial24_retina.fnt</file>
            <File platform="Android">arial24_retina.fnt</File>
		</Resource>
		<Resource type="font" id="FONT_MAP_LOW_PRIORITY_STREET_LABEL">
			<file>arial12.fnt</file>
			<file platform="retina">arial20_retina.fnt</file>
            <File platform="Android">arial20_retina.fnt</File>
		</Resource>
		<Resource type="font" id="FONT_MAP_POI_LABEL">
			<file>arial12.fnt</file>
			<file platform="retina">arial20_retina.fnt</file>
            <File platform="Android">arial20_retina.fnt</File>
		</Resource>
		<Resource type="font" id="FONT_UI_BUTTON_DEFAULT">
			<file>arial_28_white_outline.fnt</file>
		</Resource>
		<Resource type="font" id="FONT_UI_SELECTIONLIST_ELEM_LEFT">
			<file>arial_28_black_outline2.fnt</file>
		</Resource>
		<Resource type="font" id="FONT_UI_SELECTIONLIST_ELEM_RIGHT">
			<file>arial24.fnt</file>
		</Resource>
		<Resource type="font" id="FONT_UI_KEYBOARD_KEY">
			<file>arial24.fnt</file>
		</Resource>
		<Resource type="font" id="FONT_UI_BUTTON_SMALL">
			<file>arial24.fnt</file>
		</Resource>
		<Resource type="font" id="FONT_UI_MESSAGEBOX_BUTTON_LABEL">
			<file>arial24.fnt</file>
		</Resource>
		<Resource type="font" id="FONT_UI_TEXTINPUT">
			<file>arial24.fnt</file>
		</Resource>
	</ResourceGroup>
</Resources>
