{
    "default":
	{
		"regular": "DroidSans.ttf",
		"bold": "DroidSans-Bold.ttf"
	},
	"fallbacks":
	[
		{ "regular": "DroidNaskh-Regular.ttf" },
		{ "regular": "DroidSansEthiopic-Regular.ttf" },
        {
			"regular": "DroidSansHebrew-Regular.ttf",
			"bold": "DroidSansHebrew-Bold.ttf"
		},
        { "regular": "DroidSansThai.ttf" },
		{ "regular": "DroidSansArmenian.ttf" },
		{ "regular": "DroidSansGeorgian.ttf" },
		{ "regular": "DroidSansFallback.ttf" }
	],
	"fallbacks_to_be_installed":
	[
		{ "regular": "Lohit-Devanagari.ttf" },
		{ "regular": "Lohit-Bengali.ttf" },
		{ "regular": "Lohit-Tamil.ttf" }
	]
}
