<?xml version="1.0" encoding="UTF-8"?>
<dictionary>
	<element>
		<key>0x7050</key>
		<array>
			<dictionary>
				<element>
					<key>0x7060</key>
					<int>0</int>
				</element>
				<element>
					<key>0x7061</key>
					<string>UNKNOWN</string>
				</element>
				<element>
					<key>0x7062</key>
					<int>40</int>
				</element>
			</dictionary>
			<dictionary>
				<element>
					<key>0x7060</key>
					<int>9986</int>
				</element>
				<element>
					<key>0x7061</key>
					<string>HOME IMPROVEMENT AND HARDWARE STORE</string>
				</element>
				<element>
					<key>0x7062</key>
					<int>14</int>
				</element>
			</dictionary>
			<dictionary>
				<element>
					<key>0x7060</key>
					<int>7389</int>
				</element>
				<element>
					<key>0x7061</key>
					<string>TOURIST INFORMATION</string>
				</element>
				<element>
					<key>0x7062</key>
					<int>61</int>
				</element>
			</dictionary>
			<dictionary>
				<element>
					<key>0x7060</key>
					<int>7929</int>
				</element>
				<element>
					<key>0x7061</key>
					<string>PERFORMING ARTS</string>
				</element>
				<element>
					<key>0x7062</key>
					<int>18</int>
				</element>
			</dictionary>
			<dictionary>
				<element>
					<key>0x7060</key>
					<int>6000</int>
				</element>
				<element>
					<key>0x7061</key>
					<string>BANK</string>
				</element>
				<element>
					<key>0x7062</key>
					<int>101</int>
				</element>
			</dictionary>
			<dictionary>
				<element>
					<key>0x7060</key>
					<int>9560</int>
				</element>
				<element>
					<key>0x7061</key>
					<string>HOME SPECIALITY STORE</string>
				</element>
				<element>
					<key>0x7062</key>
					<int>14</int>
				</element>
			</dictionary>
			<dictionary>
				<element>
					<key>0x7060</key>
					<int>9537</int>
				</element>
				<element>
					<key>0x7061</key>
					<string>CLOTHING STORE</string>
				</element>
				<element>
					<key>0x7062</key>
					<int>14</int>
				</element>
			</dictionary>
			<dictionary>
				<element>
					<key>0x7060</key>
					<int>9562</int>
				</element>
				<element>
					<key>0x7061</key>
					<string>FLOWERS AND JEWELRY</string>
				</element>
				<element>
					<key>0x7062</key>
					<int>14</int>
				</element>
			</dictionary>
			<dictionary>
				<element>
					<key>0x7060</key>
					<int>9563</int>
				</element>
				<element>
					<key>0x7061</key>
					<string>GIFT, ANTIQUE, AND ART</string>
				</element>
				<element>
					<key>0x7062</key>
					<int>14</int>
				</element>
			</dictionary>
			<dictionary>
				<element>
					<key>0x7060</key>
					<int>9564</int>
				</element>
				<element>
					<key>0x7061</key>
					<string>OPTICAL</string>
				</element>
				<element>
					<key>0x7062</key>
					<int>14</int>
				</element>
			</dictionary>
			<dictionary>
				<element>
					<key>0x7060</key>
					<int>9565</int>
				</element>
				<element>
					<key>0x7061</key>
					<string>PHARMACY</string>
				</element>
				<element>
					<key>0x7062</key>
					<int>202</int>
				</element>
			</dictionary>
			<dictionary>
				<element>
					<key>0x7060</key>
					<int>9566</int>
				</element>
				<element>
					<key>0x7061</key>
					<string>RECORD, CD, AND VIDEO</string>
				</element>
				<element>
					<key>0x7062</key>
					<int>14</int>
				</element>
			</dictionary>
			<dictionary>
				<element>
					<key>0x7060</key>
					<int>7510</int>
				</element>
				<element>
					<key>0x7061</key>
					<string>RENTAL CAR AGENCY</string>
				</element>
				<element>
					<key>0x7062</key>
					<int>38</int>
				</element>
			</dictionary>
			<dictionary>
				<element>
					<key>0x7060</key>
					<int>9568</int>
				</element>
				<element>
					<key>0x7061</key>
					<string>SPORTING GOODS</string>
				</element>
				<element>
					<key>0x7062</key>
					<int>14</int>
				</element>
			</dictionary>
			<dictionary>
				<element>
					<key>0x7060</key>
					<int>9569</int>
				</element>
				<element>
					<key>0x7061</key>
					<string>WINE AND LIQUOR</string>
				</element>
				<element>
					<key>0x7062</key>
					<int>14</int>
				</element>
			</dictionary>
			<dictionary>
				<element>
					<key>0x7060</key>
					<int>9575</int>
				</element>
				<element>
					<key>0x7061</key>
					<string>BOWLING ALLEY</string>
				</element>
				<element>
					<key>0x7062</key>
					<int>222</int>
				</element>
			</dictionary>
			<dictionary>
				<element>
					<key>0x7060</key>
					<int>9708</int>
				</element>
				<element>
					<key>0x7061</key>
					<string>PUBLIC TRANSIT ACCESS</string>
				</element>
				<element>
					<key>0x7062</key>
					<int>162</int>
				</element>
			</dictionary>
			<dictionary>
				<element>
					<key>0x7060</key>
					<int>9988</int>
				</element>
				<element>
					<key>0x7061</key>
					<string>OFFICE SUPPLY AND SERVICE STORE</string>
				</element>
				<element>
					<key>0x7062</key>
					<int>14</int>
				</element>
			</dictionary>
			<dictionary>
				<element>
					<key>0x7060</key>
					<int>9989</int>
				</element>
				<element>
					<key>0x7061</key>
					<string>TAXI STAND</string>
				</element>
				<element>
					<key>0x7062</key>
					<int>166</int>
				</element>
			</dictionary>
			<dictionary>
				<element>
					<key>0x7060</key>
					<int>5511</int>
				</element>
				<element>
					<key>0x7061</key>
					<string>AUTO DEALERSHIPS</string>
				</element>
				<element>
					<key>0x7062</key>
					<int>38</int>
				</element>
			</dictionary>
			<dictionary>
				<element>
					<key>0x7060</key>
					<int>9987</int>
				</element>
				<element>
					<key>0x7061</key>
					<string>CONSUMER ELECTRONICS STORE</string>
				</element>
				<element>
					<key>0x7062</key>
					<int>14</int>
				</element>
			</dictionary>
			<dictionary>
				<element>
					<key>0x7060</key>
					<int>5512</int>
				</element>
				<element>
					<key>0x7061</key>
					<string>AUTO DEALERSHIP-USED CARS</string>
				</element>
				<element>
					<key>0x7062</key>
					<int>38</int>
				</element>
			</dictionary>
			<dictionary>
				<element>
					<key>0x7060</key>
					<int>5999</int>
				</element>
				<element>
					<key>0x7061</key>
					<string>HISTORICAL MONUMENT</string>
				</element>
				<element>
					<key>0x7062</key>
					<int>6</int>
				</element>
			</dictionary>
			<dictionary>
				<element>
					<key>0x7060</key>
					<int>9707</int>
				</element>
				<element>
					<key>0x7061</key>
					<string>PUBLIC TRANSIT STOP</string>
				</element>
				<element>
					<key>0x7062</key>
					<int>162</int>
				</element>
			</dictionary>
			<dictionary>
				<element>
					<key>0x7060</key>
					<int>4130</int>
				</element>
				<element>
					<key>0x7061</key>
					<string>BUS STOP</string>
				</element>
				<element>
					<key>0x7062</key>
					<int>162</int>
				</element>
			</dictionary>
			<dictionary>
				<element>
					<key>0x7060</key>
					<int>7522</int>
				</element>
				<element>
					<key>0x7061</key>
					<string>PARK AND RIDE</string>
				</element>
				<element>
					<key>0x7062</key>
					<int>261</int>
				</element>
			</dictionary>
			<dictionary>
				<element>
					<key>0x7060</key>
					<int>9572</int>
				</element>
				<element>
					<key>0x7061</key>
					<string>RACE TRACK</string>
				</element>
				<element>
					<key>0x7062</key>
					<int>82</int>
				</element>
			</dictionary>
			<dictionary>
				<element>
					<key>0x7060</key>
					<int>7520</int>
				</element>
				<element>
					<key>0x7061</key>
					<string>OPEN PARKING</string>
				</element>
				<element>
					<key>0x7062</key>
					<int>26</int>
				</element>
			</dictionary>
			<dictionary>
				<element>
					<key>0x7060</key>
					<int>7521</int>
				</element>
				<element>
					<key>0x7061</key>
					<string>GARAGE PARKING</string>
				</element>
				<element>
					<key>0x7062</key>
					<int>26</int>
				</element>
			</dictionary>
			<dictionary>
				<element>
					<key>0x7060</key>
					<int>9577</int>
				</element>
				<element>
					<key>0x7061</key>
					<string>RECREATION CENTER</string>
				</element>
				<element>
					<key>0x7062</key>
					<int>22</int>
				</element>
			</dictionary>
			<dictionary>
				<element>
					<key>0x7060</key>
					<int>9576</int>
				</element>
				<element>
					<key>0x7061</key>
					<string>SPORTS ACTIVITIES</string>
				</element>
				<element>
					<key>0x7062</key>
					<int>22</int>
				</element>
			</dictionary>
			<dictionary>
				<element>
					<key>0x7060</key>
					<int>4482</int>
				</element>
				<element>
					<key>0x7061</key>
					<string>FERRY TERMINAL</string>
				</element>
				<element>
					<key>0x7062</key>
					<int>163</int>
				</element>
			</dictionary>
			<dictionary>
				<element>
					<key>0x7060</key>
					<int>9574</int>
				</element>
				<element>
					<key>0x7061</key>
					<string>HEALTH CLUB</string>
				</element>
				<element>
					<key>0x7062</key>
					<int>22</int>
				</element>
			</dictionary>
			<dictionary>
				<element>
					<key>0x7060</key>
					<int>7897</int>
				</element>
				<element>
					<key>0x7061</key>
					<string>REST AREA</string>
				</element>
				<element>
					<key>0x7062</key>
					<int>26</int>
				</element>
			</dictionary>
			<dictionary>
				<element>
					<key>0x7060</key>
					<int>9579</int>
				</element>
				<element>
					<key>0x7061</key>
					<string>DENTIST</string>
				</element>
				<element>
					<key>0x7062</key>
					<int>20</int>
				</element>
			</dictionary>
			<dictionary>
				<element>
					<key>0x7060</key>
					<int>9578</int>
				</element>
				<element>
					<key>0x7061</key>
					<string>ATTORNEY</string>
				</element>
				<element>
					<key>0x7062</key>
					<int>153</int>
				</element>
			</dictionary>
			<dictionary>
				<element>
					<key>0x7060</key>
					<int>8231</int>
				</element>
				<element>
					<key>0x7061</key>
					<string>LIBRARY</string>
				</element>
				<element>
					<key>0x7062</key>
					<int>32</int>
				</element>
			</dictionary>
			<dictionary>
				<element>
					<key>0x7060</key>
					<int>9999</int>
				</element>
				<element>
					<key>0x7061</key>
					<string>BORDER CROSSING</string>
				</element>
				<element>
					<key>0x7062</key>
					<int>160</int>
				</element>
			</dictionary>
			<dictionary>
				<element>
					<key>0x7060</key>
					<int>9998</int>
				</element>
				<element>
					<key>0x7061</key>
					<string>HAMLET</string>
				</element>
				<element>
					<key>0x7062</key>
					<int>40</int>
				</element>
			</dictionary>
			<dictionary>
				<element>
					<key>0x7060</key>
					<int>9991</int>
				</element>
				<element>
					<key>0x7061</key>
					<string>INDUSTRIAL ZONE</string>
				</element>
				<element>
					<key>0x7062</key>
					<int>341</int>
				</element>
			</dictionary>
			<dictionary>
				<element>
					<key>0x7060</key>
					<int>9993</int>
				</element>
				<element>
					<key>0x7061</key>
					<string>EMBASSY</string>
				</element>
				<element>
					<key>0x7062</key>
					<int>30</int>
				</element>
			</dictionary>
			<dictionary>
				<element>
					<key>0x7060</key>
					<int>9992</int>
				</element>
				<element>
					<key>0x7061</key>
					<string>PLACE OF WORSHIP</string>
				</element>
				<element>
					<key>0x7062</key>
					<int>36</int>
				</element>
			</dictionary>
			<dictionary>
				<element>
					<key>0x7060</key>
					<int>9995</int>
				</element>
				<element>
					<key>0x7061</key>
					<string>BOOKSTORE</string>
				</element>
				<element>
					<key>0x7062</key>
					<int>14</int>
				</element>
			</dictionary>
			<dictionary>
				<element>
					<key>0x7060</key>
					<int>9994</int>
				</element>
				<element>
					<key>0x7061</key>
					<string>COUNTY COUNCIL</string>
				</element>
				<element>
					<key>0x7062</key>
					<int>30</int>
				</element>
			</dictionary>
			<dictionary>
				<element>
					<key>0x7060</key>
					<int>9715</int>
				</element>
				<element>
					<key>0x7061</key>
					<string>MILITARY BASE</string>
				</element>
				<element>
					<key>0x7062</key>
					<int>40</int>
				</element>
			</dictionary>
			<dictionary>
				<element>
					<key>0x7060</key>
					<int>9714</int>
				</element>
				<element>
					<key>0x7061</key>
					<string>CARGO CENTRE</string>
				</element>
				<element>
					<key>0x7062</key>
					<int>40</int>
				</element>
			</dictionary>
			<dictionary>
				<element>
					<key>0x7060</key>
					<int>9573</int>
				</element>
				<element>
					<key>0x7061</key>
					<string>GOLF PRACTICE RANGE</string>
				</element>
				<element>
					<key>0x7062</key>
					<int>81</int>
				</element>
			</dictionary>
			<dictionary>
				<element>
					<key>0x7060</key>
					<int>3578</int>
				</element>
				<element>
					<key>0x7061</key>
					<string>ATM</string>
				</element>
				<element>
					<key>0x7062</key>
					<int>10</int>
				</element>
			</dictionary>
			<dictionary>
				<element>
					<key>0x7060</key>
					<int>6512</int>
				</element>
				<element>
					<key>0x7061</key>
					<string>SHOPPING CENTRE</string>
				</element>
				<element>
					<key>0x7062</key>
					<int>141</int>
				</element>
			</dictionary>
			<dictionary>
				<element>
					<key>0x7060</key>
					<int>9571</int>
				</element>
				<element>
					<key>0x7061</key>
					<string>THEATER</string>
				</element>
				<element>
					<key>0x7062</key>
					<int>18</int>
				</element>
			</dictionary>
			<dictionary>
				<element>
					<key>0x7060</key>
					<int>9570</int>
				</element>
				<element>
					<key>0x7061</key>
					<string>BOATING</string>
				</element>
				<element>
					<key>0x7062</key>
					<int>84</int>
				</element>
			</dictionary>
			<dictionary>
				<element>
					<key>0x7060</key>
					<int>4493</int>
				</element>
				<element>
					<key>0x7061</key>
					<string>MARINA</string>
				</element>
				<element>
					<key>0x7062</key>
					<int>164</int>
				</element>
			</dictionary>
			<dictionary>
				<element>
					<key>0x7060</key>
					<int>7538</int>
				</element>
				<element>
					<key>0x7061</key>
					<string>AUTO SERVICE AND MAINTENANCE</string>
				</element>
				<element>
					<key>0x7062</key>
					<int>38</int>
				</element>
			</dictionary>
			<dictionary>
				<element>
					<key>0x7060</key>
					<int>9548</int>
				</element>
				<element>
					<key>0x7061</key>
					<string>VARIETY STORE</string>
				</element>
				<element>
					<key>0x7062</key>
					<int>14</int>
				</element>
			</dictionary>
			<dictionary>
				<element>
					<key>0x7060</key>
					<int>9549</int>
				</element>
				<element>
					<key>0x7061</key>
					<string>GARDEN CENTER</string>
				</element>
				<element>
					<key>0x7062</key>
					<int>14</int>
				</element>
			</dictionary>
			<dictionary>
				<element>
					<key>0x7060</key>
					<int>9546</int>
				</element>
				<element>
					<key>0x7061</key>
					<string>DISCOUNT STORE</string>
				</element>
				<element>
					<key>0x7062</key>
					<int>14</int>
				</element>
			</dictionary>
			<dictionary>
				<element>
					<key>0x7060</key>
					<int>9547</int>
				</element>
				<element>
					<key>0x7061</key>
					<string>OTHER GENERAL MERCHANDISE</string>
				</element>
				<element>
					<key>0x7062</key>
					<int>14</int>
				</element>
			</dictionary>
			<dictionary>
				<element>
					<key>0x7060</key>
					<int>9544</int>
				</element>
				<element>
					<key>0x7061</key>
					<string>MONEY TRANSFERRING SERVICE</string>
				</element>
				<element>
					<key>0x7062</key>
					<int>10</int>
				</element>
			</dictionary>
			<dictionary>
				<element>
					<key>0x7060</key>
					<int>9545</int>
				</element>
				<element>
					<key>0x7061</key>
					<string>DEPARTMENT STORE</string>
				</element>
				<element>
					<key>0x7062</key>
					<int>14</int>
				</element>
			</dictionary>
			<dictionary>
				<element>
					<key>0x7060</key>
					<int>9542</int>
				</element>
				<element>
					<key>0x7061</key>
					<string>CHECK CASHING SERVICE</string>
				</element>
				<element>
					<key>0x7062</key>
					<int>10</int>
				</element>
			</dictionary>
			<dictionary>
				<element>
					<key>0x7060</key>
					<int>9543</int>
				</element>
				<element>
					<key>0x7061</key>
					<string>CURRENCY EXCHANGE</string>
				</element>
				<element>
					<key>0x7062</key>
					<int>10</int>
				</element>
			</dictionary>
			<dictionary>
				<element>
					<key>0x7060</key>
					<int>9540</int>
				</element>
				<element>
					<key>0x7061</key>
					<string>SPECIALTY CLOTHING STORE</string>
				</element>
				<element>
					<key>0x7062</key>
					<int>14</int>
				</element>
			</dictionary>
			<dictionary>
				<element>
					<key>0x7060</key>
					<int>9541</int>
				</element>
				<element>
					<key>0x7061</key>
					<string>WOMEN'S APPAREL</string>
				</element>
				<element>
					<key>0x7062</key>
					<int>14</int>
				</element>
			</dictionary>
			<dictionary>
				<element>
					<key>0x7060</key>
					<int>5000</int>
				</element>
				<element>
					<key>0x7061</key>
					<string>BUSINESS FACILITY</string>
				</element>
				<element>
					<key>0x7062</key>
					<int>34</int>
				</element>
			</dictionary>
			<dictionary>
				<element>
					<key>0x7060</key>
					<int>9528</int>
				</element>
				<element>
					<key>0x7061</key>
					<string>ROAD ASSISTANCE</string>
				</element>
				<element>
					<key>0x7062</key>
					<int>38</int>
				</element>
			</dictionary>
			<dictionary>
				<element>
					<key>0x7060</key>
					<int>9529</int>
				</element>
				<element>
					<key>0x7061</key>
					<string>FUNERAL DIRECTOR</string>
				</element>
				<element>
					<key>0x7062</key>
					<int>15</int>
				</element>
			</dictionary>
			<dictionary>
				<element>
					<key>0x7060</key>
					<int>9524</int>
				</element>
				<element>
					<key>0x7061</key>
					<string>SYNAGOGUE</string>
				</element>
				<element>
					<key>0x7062</key>
					<int>36</int>
				</element>
			</dictionary>
			<dictionary>
				<element>
					<key>0x7060</key>
					<int>9525</int>
				</element>
				<element>
					<key>0x7061</key>
					<string>GOVERNMENT OFFICES</string>
				</element>
				<element>
					<key>0x7062</key>
					<int>30</int>
				</element>
			</dictionary>
			<dictionary>
				<element>
					<key>0x7060</key>
					<int>9526</int>
				</element>
				<element>
					<key>0x7061</key>
					<string>PRE-SCHOOL</string>
				</element>
				<element>
					<key>0x7062</key>
					<int>32</int>
				</element>
			</dictionary>
			<dictionary>
				<element>
					<key>0x7060</key>
					<int>9527</int>
				</element>
				<element>
					<key>0x7061</key>
					<string>FIRE DEPARTMENT</string>
				</element>
				<element>
					<key>0x7062</key>
					<int>30</int>
				</element>
			</dictionary>
			<dictionary>
				<element>
					<key>0x7060</key>
					<int>9520</int>
				</element>
				<element>
					<key>0x7061</key>
					<string>LOCAL TRANSIT</string>
				</element>
				<element>
					<key>0x7062</key>
					<int>162</int>
				</element>
			</dictionary>
			<dictionary>
				<element>
					<key>0x7060</key>
					<int>9521</int>
				</element>
				<element>
					<key>0x7061</key>
					<string>TRAVEL AGENT AND TICKETING</string>
				</element>
				<element>
					<key>0x7062</key>
					<int>6</int>
				</element>
			</dictionary>
			<dictionary>
				<element>
					<key>0x7060</key>
					<int>9522</int>
				</element>
				<element>
					<key>0x7061</key>
					<string>TRUCK STOP/PLAZA</string>
				</element>
				<element>
					<key>0x7062</key>
					<int>26</int>
				</element>
			</dictionary>
			<dictionary>
				<element>
					<key>0x7060</key>
					<int>9523</int>
				</element>
				<element>
					<key>0x7061</key>
					<string>CHURCH</string>
				</element>
				<element>
					<key>0x7062</key>
					<int>36</int>
				</element>
			</dictionary>
			<dictionary>
				<element>
					<key>0x7060</key>
					<int>8699</int>
				</element>
				<element>
					<key>0x7061</key>
					<string>AUTOMOBILE CLUB</string>
				</element>
				<element>
					<key>0x7062</key>
					<int>38</int>
				</element>
			</dictionary>
			<dictionary>
				<element>
					<key>0x7060</key>
					<int>8200</int>
				</element>
				<element>
					<key>0x7061</key>
					<string>HIGHER EDUCATION</string>
				</element>
				<element>
					<key>0x7062</key>
					<int>321</int>
				</element>
			</dictionary>
			<dictionary>
				<element>
					<key>0x7060</key>
					<int>902</int>
				</element>
				<element>
					<key>0x7061</key>
					<string>DESTINATION</string>
				</element>
				<element>
					<key>0x7062</key>
					<int>902</int>
				</element>
			</dictionary>
			<dictionary>
				<element>
					<key>0x7060</key>
					<int>903</int>
				</element>
				<element>
					<key>0x7061</key>
					<string>VIA</string>
				</element>
				<element>
					<key>0x7062</key>
					<int>903</int>
				</element>
			</dictionary>
			<dictionary>
				<element>
					<key>0x7060</key>
					<int>900</int>
				</element>
				<element>
					<key>0x7061</key>
					<string>USER</string>
				</element>
				<element>
					<key>0x7062</key>
					<int>900</int>
				</element>
			</dictionary>
			<dictionary>
				<element>
					<key>0x7060</key>
					<int>5813</int>
				</element>
				<element>
					<key>0x7061</key>
					<string>NIGHTLIFE</string>
				</element>
				<element>
					<key>0x7062</key>
					<int>12</int>
				</element>
			</dictionary>
			<dictionary>
				<element>
					<key>0x7060</key>
					<int>904</int>
				</element>
				<element>
					<key>0x7061</key>
					<string>GPS</string>
				</element>
				<element>
					<key>0x7062</key>
					<int>904</int>
				</element>
			</dictionary>
			<dictionary>
				<element>
					<key>0x7060</key>
					<int>5400</int>
				</element>
				<element>
					<key>0x7061</key>
					<string>GROCERY STORE</string>
				</element>
				<element>
					<key>0x7062</key>
					<int>141</int>
				</element>
			</dictionary>
			<dictionary>
				<element>
					<key>0x7060</key>
					<int>5571</int>
				</element>
				<element>
					<key>0x7061</key>
					<string>MOTORCYCLE DEALERSHIP</string>
				</element>
				<element>
					<key>0x7062</key>
					<int>38</int>
				</element>
			</dictionary>
			<dictionary>
				<element>
					<key>0x7060</key>
					<int>9559</int>
				</element>
				<element>
					<key>0x7061</key>
					<string>MAJOR APPLIANCE</string>
				</element>
				<element>
					<key>0x7062</key>
					<int>14</int>
				</element>
			</dictionary>
			<dictionary>
				<element>
					<key>0x7060</key>
					<int>9558</int>
				</element>
				<element>
					<key>0x7061</key>
					<string>FURNITURE STORE</string>
				</element>
				<element>
					<key>0x7062</key>
					<int>14</int>
				</element>
			</dictionary>
			<dictionary>
				<element>
					<key>0x7060</key>
					<int>9551</int>
				</element>
				<element>
					<key>0x7061</key>
					<string>HARDWARE STORE</string>
				</element>
				<element>
					<key>0x7062</key>
					<int>14</int>
				</element>
			</dictionary>
			<dictionary>
				<element>
					<key>0x7060</key>
					<int>9550</int>
				</element>
				<element>
					<key>0x7061</key>
					<string>GLASS AND WINDOW</string>
				</element>
				<element>
					<key>0x7062</key>
					<int>14</int>
				</element>
			</dictionary>
			<dictionary>
				<element>
					<key>0x7060</key>
					<int>9553</int>
				</element>
				<element>
					<key>0x7061</key>
					<string>LUMBER</string>
				</element>
				<element>
					<key>0x7062</key>
					<int>14</int>
				</element>
			</dictionary>
			<dictionary>
				<element>
					<key>0x7060</key>
					<int>9552</int>
				</element>
				<element>
					<key>0x7061</key>
					<string>HOME CENTER</string>
				</element>
				<element>
					<key>0x7062</key>
					<int>14</int>
				</element>
			</dictionary>
			<dictionary>
				<element>
					<key>0x7060</key>
					<int>9555</int>
				</element>
				<element>
					<key>0x7061</key>
					<string>PAINT</string>
				</element>
				<element>
					<key>0x7062</key>
					<int>14</int>
				</element>
			</dictionary>
			<dictionary>
				<element>
					<key>0x7060</key>
					<int>9554</int>
				</element>
				<element>
					<key>0x7061</key>
					<string>OTHER HOUSE AND GARDEN</string>
				</element>
				<element>
					<key>0x7062</key>
					<int>14</int>
				</element>
			</dictionary>
			<dictionary>
				<element>
					<key>0x7060</key>
					<int>9557</int>
				</element>
				<element>
					<key>0x7061</key>
					<string>FLOOR AND CARPET</string>
				</element>
				<element>
					<key>0x7062</key>
					<int>14</int>
				</element>
			</dictionary>
			<dictionary>
				<element>
					<key>0x7060</key>
					<int>9556</int>
				</element>
				<element>
					<key>0x7061</key>
					<string>ENTERTAINMENT ELECTRONICS</string>
				</element>
				<element>
					<key>0x7062</key>
					<int>14</int>
				</element>
			</dictionary>
			<dictionary>
				<element>
					<key>0x7060</key>
					<int>9121</int>
				</element>
				<element>
					<key>0x7061</key>
					<string>CITY HALL</string>
				</element>
				<element>
					<key>0x7062</key>
					<int>30</int>
				</element>
			</dictionary>
			<dictionary>
				<element>
					<key>0x7060</key>
					<int>9539</int>
				</element>
				<element>
					<key>0x7061</key>
					<string>SHOE STORE</string>
				</element>
				<element>
					<key>0x7062</key>
					<int>14</int>
				</element>
			</dictionary>
			<dictionary>
				<element>
					<key>0x7060</key>
					<int>9538</int>
				</element>
				<element>
					<key>0x7061</key>
					<string>MEN'S APPAREL</string>
				</element>
				<element>
					<key>0x7062</key>
					<int>14</int>
				</element>
			</dictionary>
			<dictionary>
				<element>
					<key>0x7060</key>
					<int>8211</int>
				</element>
				<element>
					<key>0x7061</key>
					<string>SCHOOL</string>
				</element>
				<element>
					<key>0x7062</key>
					<int>32</int>
				</element>
			</dictionary>
			<dictionary>
				<element>
					<key>0x7060</key>
					<int>9536</int>
				</element>
				<element>
					<key>0x7061</key>
					<string>SPECIALTY FOOD STORE</string>
				</element>
				<element>
					<key>0x7062</key>
					<int>14</int>
				</element>
			</dictionary>
			<dictionary>
				<element>
					<key>0x7060</key>
					<int>9535</int>
				</element>
				<element>
					<key>0x7061</key>
					<string>CONVENIENCE STORE</string>
				</element>
				<element>
					<key>0x7062</key>
					<int>14</int>
				</element>
			</dictionary>
			<dictionary>
				<element>
					<key>0x7060</key>
					<int>9534</int>
				</element>
				<element>
					<key>0x7061</key>
					<string>NIGHT CLUB</string>
				</element>
				<element>
					<key>0x7062</key>
					<int>12</int>
				</element>
			</dictionary>
			<dictionary>
				<element>
					<key>0x7060</key>
					<int>9533</int>
				</element>
				<element>
					<key>0x7061</key>
					<string>COCKTAIL LOUNGE</string>
				</element>
				<element>
					<key>0x7062</key>
					<int>12</int>
				</element>
			</dictionary>
			<dictionary>
				<element>
					<key>0x7060</key>
					<int>9532</int>
				</element>
				<element>
					<key>0x7061</key>
					<string>BAR OR PUB</string>
				</element>
				<element>
					<key>0x7062</key>
					<int>51</int>
				</element>
			</dictionary>
			<dictionary>
				<element>
					<key>0x7060</key>
					<int>9531</int>
				</element>
				<element>
					<key>0x7061</key>
					<string>BANQUET HALL</string>
				</element>
				<element>
					<key>0x7062</key>
					<int>301</int>
				</element>
			</dictionary>
			<dictionary>
				<element>
					<key>0x7060</key>
					<int>9530</int>
				</element>
				<element>
					<key>0x7061</key>
					<string>POST OFFICE</string>
				</element>
				<element>
					<key>0x7062</key>
					<int>304</int>
				</element>
			</dictionary>
			<dictionary>
				<element>
					<key>0x7060</key>
					<int>4100</int>
				</element>
				<element>
					<key>0x7061</key>
					<string>COMMUTER RAIL STATION</string>
				</element>
				<element>
					<key>0x7062</key>
					<int>161</int>
				</element>
			</dictionary>
			<dictionary>
				<element>
					<key>0x7060</key>
					<int>901</int>
				</element>
				<element>
					<key>0x7061</key>
					<string>START</string>
				</element>
				<element>
					<key>0x7062</key>
					<int>901</int>
				</element>
			</dictionary>
			<dictionary>
				<element>
					<key>0x7060</key>
					<int>7012</int>
				</element>
				<element>
					<key>0x7061</key>
					<string>SKI RESORT</string>
				</element>
				<element>
					<key>0x7062</key>
					<int>221</int>
				</element>
			</dictionary>
			<dictionary>
				<element>
					<key>0x7060</key>
					<int>7013</int>
				</element>
				<element>
					<key>0x7061</key>
					<string>GUEST HOUSE</string>
				</element>
				<element>
					<key>0x7062</key>
					<int>4</int>
				</element>
			</dictionary>
			<dictionary>
				<element>
					<key>0x7060</key>
					<int>7011</int>
				</element>
				<element>
					<key>0x7061</key>
					<string>HOTEL</string>
				</element>
				<element>
					<key>0x7062</key>
					<int>4</int>
				</element>
			</dictionary>
			<dictionary>
				<element>
					<key>0x7060</key>
					<int>9211</int>
				</element>
				<element>
					<key>0x7061</key>
					<string>COURT HOUSE</string>
				</element>
				<element>
					<key>0x7062</key>
					<int>30</int>
				</element>
			</dictionary>
			<dictionary>
				<element>
					<key>0x7060</key>
					<int>9561</int>
				</element>
				<element>
					<key>0x7061</key>
					<string>COMPUTER AND SOFTWARE</string>
				</element>
				<element>
					<key>0x7062</key>
					<int>14</int>
				</element>
			</dictionary>
			<dictionary>
				<element>
					<key>0x7060</key>
					<int>5540</int>
				</element>
				<element>
					<key>0x7061</key>
					<string>FUELING/GASOLINE STATION</string>
				</element>
				<element>
					<key>0x7062</key>
					<int>28</int>
				</element>
			</dictionary>
			<dictionary>
				<element>
					<key>0x7060</key>
					<int>7985</int>
				</element>
				<element>
					<key>0x7061</key>
					<string>CASINO</string>
				</element>
				<element>
					<key>0x7062</key>
					<int>83</int>
				</element>
			</dictionary>
			<dictionary>
				<element>
					<key>0x7060</key>
					<int>9508</int>
				</element>
				<element>
					<key>0x7061</key>
					<string>VIDEO AND GAME RENTAL</string>
				</element>
				<element>
					<key>0x7062</key>
					<int>15</int>
				</element>
			</dictionary>
			<dictionary>
				<element>
					<key>0x7060</key>
					<int>9509</int>
				</element>
				<element>
					<key>0x7061</key>
					<string>STORAGE</string>
				</element>
				<element>
					<key>0x7062</key>
					<int>15</int>
				</element>
			</dictionary>
			<dictionary>
				<element>
					<key>0x7060</key>
					<int>9502</int>
				</element>
				<element>
					<key>0x7061</key>
					<string>TELEPHONE SERVICE</string>
				</element>
				<element>
					<key>0x7062</key>
					<int>15</int>
				</element>
			</dictionary>
			<dictionary>
				<element>
					<key>0x7060</key>
					<int>9503</int>
				</element>
				<element>
					<key>0x7061</key>
					<string>CLEANING AND LAUNDRY</string>
				</element>
				<element>
					<key>0x7062</key>
					<int>15</int>
				</element>
			</dictionary>
			<dictionary>
				<element>
					<key>0x7060</key>
					<int>9500</int>
				</element>
				<element>
					<key>0x7061</key>
					<string>BUSINESS SERVICE</string>
				</element>
				<element>
					<key>0x7062</key>
					<int>34</int>
				</element>
			</dictionary>
			<dictionary>
				<element>
					<key>0x7060</key>
					<int>9501</int>
				</element>
				<element>
					<key>0x7061</key>
					<string>OTHER COMMUNICATION</string>
				</element>
				<element>
					<key>0x7062</key>
					<int>15</int>
				</element>
			</dictionary>
			<dictionary>
				<element>
					<key>0x7060</key>
					<int>9506</int>
				</element>
				<element>
					<key>0x7061</key>
					<string>MOVER</string>
				</element>
				<element>
					<key>0x7062</key>
					<int>15</int>
				</element>
			</dictionary>
			<dictionary>
				<element>
					<key>0x7060</key>
					<int>9507</int>
				</element>
				<element>
					<key>0x7061</key>
					<string>PHOTOGRAPHY</string>
				</element>
				<element>
					<key>0x7062</key>
					<int>15</int>
				</element>
			</dictionary>
			<dictionary>
				<element>
					<key>0x7060</key>
					<int>8060</int>
				</element>
				<element>
					<key>0x7061</key>
					<string>HOSPITAL</string>
				</element>
				<element>
					<key>0x7062</key>
					<int>201</int>
				</element>
			</dictionary>
			<dictionary>
				<element>
					<key>0x7060</key>
					<int>9505</int>
				</element>
				<element>
					<key>0x7061</key>
					<string>HEALTH CARE SERVICE</string>
				</element>
				<element>
					<key>0x7062</key>
					<int>20</int>
				</element>
			</dictionary>
			<dictionary>
				<element>
					<key>0x7060</key>
					<int>9567</int>
				</element>
				<element>
					<key>0x7061</key>
					<string>SPECIALTY STORE</string>
				</element>
				<element>
					<key>0x7062</key>
					<int>14</int>
				</element>
			</dictionary>
			<dictionary>
				<element>
					<key>0x7060</key>
					<int>9583</int>
				</element>
				<element>
					<key>0x7061</key>
					<string>MEDICAL SERVICE</string>
				</element>
				<element>
					<key>0x7062</key>
					<int>20</int>
				</element>
			</dictionary>
			<dictionary>
				<element>
					<key>0x7060</key>
					<int>9580</int>
				</element>
				<element>
					<key>0x7061</key>
					<string>PHYSICIAN</string>
				</element>
				<element>
					<key>0x7062</key>
					<int>20</int>
				</element>
			</dictionary>
			<dictionary>
				<element>
					<key>0x7060</key>
					<int>9581</int>
				</element>
				<element>
					<key>0x7061</key>
					<string>REALTOR</string>
				</element>
				<element>
					<key>0x7062</key>
					<int>15</int>
				</element>
			</dictionary>
			<dictionary>
				<element>
					<key>0x7060</key>
					<int>4444</int>
				</element>
				<element>
					<key>0x7061</key>
					<string>NAMED PLACE</string>
				</element>
				<element>
					<key>0x7062</key>
					<int>40</int>
				</element>
			</dictionary>
			<dictionary>
				<element>
					<key>0x7060</key>
					<int>9584</int>
				</element>
				<element>
					<key>0x7061</key>
					<string>POLICE SERVICE</string>
				</element>
				<element>
					<key>0x7062</key>
					<int>151</int>
				</element>
			</dictionary>
			<dictionary>
				<element>
					<key>0x7060</key>
					<int>9585</int>
				</element>
				<element>
					<key>0x7061</key>
					<string>VETERINARIAN SERVICE</string>
				</element>
				<element>
					<key>0x7062</key>
					<int>15</int>
				</element>
			</dictionary>
			<dictionary>
				<element>
					<key>0x7060</key>
					<int>9589</int>
				</element>
				<element>
					<key>0x7061</key>
					<string>PUBLIC RESTROOM</string>
				</element>
				<element>
					<key>0x7062</key>
					<int>303</int>
				</element>
			</dictionary>
			<dictionary>
				<element>
					<key>0x7060</key>
					<int>4170</int>
				</element>
				<element>
					<key>0x7061</key>
					<string>BUS STATION</string>
				</element>
				<element>
					<key>0x7062</key>
					<int>162</int>
				</element>
			</dictionary>
			<dictionary>
				<element>
					<key>0x7060</key>
					<int>905</int>
				</element>
				<element>
					<key>0x7061</key>
					<string>INDICATOR</string>
				</element>
				<element>
					<key>0x7062</key>
					<int>905</int>
				</element>
			</dictionary>
			<dictionary>
				<element>
					<key>0x7060</key>
					<int>7992</int>
				</element>
				<element>
					<key>0x7061</key>
					<string>GOLF COURSE</string>
				</element>
				<element>
					<key>0x7062</key>
					<int>81</int>
				</element>
			</dictionary>
			<dictionary>
				<element>
					<key>0x7060</key>
					<int>7990</int>
				</element>
				<element>
					<key>0x7061</key>
					<string>CONVENTION/EXHIBITION CENTRE</string>
				</element>
				<element>
					<key>0x7062</key>
					<int>301</int>
				</element>
			</dictionary>
			<dictionary>
				<element>
					<key>0x7060</key>
					<int>7997</int>
				</element>
				<element>
					<key>0x7061</key>
					<string>SPORTS CENTRE</string>
				</element>
				<element>
					<key>0x7062</key>
					<int>22</int>
				</element>
			</dictionary>
			<dictionary>
				<element>
					<key>0x7060</key>
					<int>7996</int>
				</element>
				<element>
					<key>0x7061</key>
					<string>AMUSEMENT PARK</string>
				</element>
				<element>
					<key>0x7062</key>
					<int>85</int>
				</element>
			</dictionary>
			<dictionary>
				<element>
					<key>0x7060</key>
					<int>7994</int>
				</element>
				<element>
					<key>0x7061</key>
					<string>CIVIC/COMMUNITY CENTRE</string>
				</element>
				<element>
					<key>0x7062</key>
					<int>301</int>
				</element>
			</dictionary>
			<dictionary>
				<element>
					<key>0x7060</key>
					<int>7999</int>
				</element>
				<element>
					<key>0x7061</key>
					<string>TOURIST ATTRACTION</string>
				</element>
				<element>
					<key>0x7062</key>
					<int>6</int>
				</element>
			</dictionary>
			<dictionary>
				<element>
					<key>0x7060</key>
					<int>7998</int>
				</element>
				<element>
					<key>0x7061</key>
					<string>ICE SKATING RINK</string>
				</element>
				<element>
					<key>0x7062</key>
					<int>22</int>
				</element>
			</dictionary>
			<dictionary>
				<element>
					<key>0x7060</key>
					<int>7933</int>
				</element>
				<element>
					<key>0x7061</key>
					<string>BOWLING CENTRE</string>
				</element>
				<element>
					<key>0x7062</key>
					<int>222</int>
				</element>
			</dictionary>
			<dictionary>
				<element>
					<key>0x7060</key>
					<int>7832</int>
				</element>
				<element>
					<key>0x7061</key>
					<string>CINEMA</string>
				</element>
				<element>
					<key>0x7062</key>
					<int>181</int>
				</element>
			</dictionary>
			<dictionary>
				<element>
					<key>0x7060</key>
					<int>9591</int>
				</element>
				<element>
					<key>0x7061</key>
					<string>CEMETERY</string>
				</element>
				<element>
					<key>0x7062</key>
					<int>302</int>
				</element>
			</dictionary>
			<dictionary>
				<element>
					<key>0x7060</key>
					<int>9590</int>
				</element>
				<element>
					<key>0x7061</key>
					<string>RESIDENTIAL AREA/BUILDING</string>
				</element>
				<element>
					<key>0x7062</key>
					<int>40</int>
				</element>
			</dictionary>
			<dictionary>
				<element>
					<key>0x7060</key>
					<int>9221</int>
				</element>
				<element>
					<key>0x7061</key>
					<string>POLICE STATION</string>
				</element>
				<element>
					<key>0x7062</key>
					<int>151</int>
				</element>
			</dictionary>
			<dictionary>
				<element>
					<key>0x7060</key>
					<int>9592</int>
				</element>
				<element>
					<key>0x7061</key>
					<string>HIGHWAY EXIT</string>
				</element>
				<element>
					<key>0x7062</key>
					<int>401</int>
				</element>
			</dictionary>
			<dictionary>
				<element>
					<key>0x7060</key>
					<int>9593</int>
				</element>
				<element>
					<key>0x7061</key>
					<string>TRANSPORTATION SERVICE</string>
				</element>
				<element>
					<key>0x7062</key>
					<int>162</int>
				</element>
			</dictionary>
			<dictionary>
				<element>
					<key>0x7060</key>
					<int>5800</int>
				</element>
				<element>
					<key>0x7061</key>
					<string>RESTAURANT</string>
				</element>
				<element>
					<key>0x7062</key>
					<int>5</int>
				</element>
			</dictionary>
			<dictionary>
				<element>
					<key>0x7060</key>
					<int>9997</int>
				</element>
				<element>
					<key>0x7061</key>
					<string>ALTERNATE FUEL STATION</string>
				</element>
				<element>
					<key>0x7062</key>
					<int>28</int>
				</element>
			</dictionary>
			<dictionary>
				<element>
					<key>0x7060</key>
					<int>7947</int>
				</element>
				<element>
					<key>0x7061</key>
					<string>PARK/RECREATION AREA</string>
				</element>
				<element>
					<key>0x7062</key>
					<int>24</int>
				</element>
			</dictionary>
			<dictionary>
				<element>
					<key>0x7060</key>
					<int>7940</int>
				</element>
				<element>
					<key>0x7061</key>
					<string>SPORTS COMPLEX</string>
				</element>
				<element>
					<key>0x7062</key>
					<int>22</int>
				</element>
			</dictionary>
			<dictionary>
				<element>
					<key>0x7060</key>
					<int>9504</int>
				</element>
				<element>
					<key>0x7061</key>
					<string>HAIR AND BEAUTY</string>
				</element>
				<element>
					<key>0x7062</key>
					<int>152</int>
				</element>
			</dictionary>
			<dictionary>
				<element>
					<key>0x7060</key>
					<int>8410</int>
				</element>
				<element>
					<key>0x7061</key>
					<string>MUSEUM</string>
				</element>
				<element>
					<key>0x7062</key>
					<int>6</int>
				</element>
			</dictionary>
			<dictionary>
				<element>
					<key>0x7060</key>
					<int>9996</int>
				</element>
				<element>
					<key>0x7061</key>
					<string>COFFEE SHOP</string>
				</element>
				<element>
					<key>0x7062</key>
					<int>5</int>
				</element>
			</dictionary>
			<dictionary>
				<element>
					<key>0x7060</key>
					<int>9582</int>
				</element>
				<element>
					<key>0x7061</key>
					<string>RV PARK</string>
				</element>
				<element>
					<key>0x7062</key>
					<int>15</int>
				</element>
			</dictionary>
			<dictionary>
				<element>
					<key>0x7060</key>
					<int>4013</int>
				</element>
				<element>
					<key>0x7061</key>
					<string>TRAIN STATION</string>
				</element>
				<element>
					<key>0x7062</key>
					<int>161</int>
				</element>
			</dictionary>
			<dictionary>
				<element>
					<key>0x7060</key>
					<int>4581</int>
				</element>
				<element>
					<key>0x7061</key>
					<string>AIRPORT</string>
				</element>
				<element>
					<key>0x7062</key>
					<int>165</int>
				</element>
			</dictionary>
			<dictionary>
				<element>
					<key>0x7060</key>
					<int>2084</int>
				</element>
				<element>
					<key>0x7061</key>
					<string>WINERY</string>
				</element>
				<element>
					<key>0x7062</key>
					<int>62</int>
				</element>
			</dictionary>
			<dictionary>
				<element>
					<key>0x7060</key>
					<int>4580</int>
				</element>
				<element>
					<key>0x7061</key>
					<string>PUBLIC SPORTS AIRPORT</string>
				</element>
				<element>
					<key>0x7062</key>
					<int>165</int>
				</element>
			</dictionary>
			<dictionary>
				<element>
					<key>0x7060</key>
					<int>9515</int>
				</element>
				<element>
					<key>0x7061</key>
					<string>UTILITIES</string>
				</element>
				<element>
					<key>0x7062</key>
					<int>15</int>
				</element>
			</dictionary>
			<dictionary>
				<element>
					<key>0x7060</key>
					<int>9514</int>
				</element>
				<element>
					<key>0x7061</key>
					<string>SOCIAL SERVICE</string>
				</element>
				<element>
					<key>0x7062</key>
					<int>15</int>
				</element>
			</dictionary>
			<dictionary>
				<element>
					<key>0x7060</key>
					<int>9517</int>
				</element>
				<element>
					<key>0x7061</key>
					<string>CAMPING</string>
				</element>
				<element>
					<key>0x7062</key>
					<int>41</int>
				</element>
			</dictionary>
			<dictionary>
				<element>
					<key>0x7060</key>
					<int>9516</int>
				</element>
				<element>
					<key>0x7061</key>
					<string>WASTE AND SANITARY</string>
				</element>
				<element>
					<key>0x7062</key>
					<int>15</int>
				</element>
			</dictionary>
			<dictionary>
				<element>
					<key>0x7060</key>
					<int>9511</int>
				</element>
				<element>
					<key>0x7061</key>
					<string>TAX SERVICE</string>
				</element>
				<element>
					<key>0x7062</key>
					<int>30</int>
				</element>
			</dictionary>
			<dictionary>
				<element>
					<key>0x7060</key>
					<int>9510</int>
				</element>
				<element>
					<key>0x7061</key>
					<string>TAILOR AND ALTERATION</string>
				</element>
				<element>
					<key>0x7062</key>
					<int>15</int>
				</element>
			</dictionary>
			<dictionary>
				<element>
					<key>0x7060</key>
					<int>9513</int>
				</element>
				<element>
					<key>0x7061</key>
					<string>RETIREMENT/NURSING HOME</string>
				</element>
				<element>
					<key>0x7062</key>
					<int>15</int>
				</element>
			</dictionary>
			<dictionary>
				<element>
					<key>0x7060</key>
					<int>9512</int>
				</element>
				<element>
					<key>0x7061</key>
					<string>REPAIR SERVICE</string>
				</element>
				<element>
					<key>0x7062</key>
					<int>15</int>
				</element>
			</dictionary>
			<dictionary>
				<element>
					<key>0x7060</key>
					<int>9586</int>
				</element>
				<element>
					<key>0x7061</key>
					<string>SPORTING AND INSTRUCTIONAL CAMP</string>
				</element>
				<element>
					<key>0x7062</key>
					<int>22</int>
				</element>
			</dictionary>
			<dictionary>
				<element>
					<key>0x7060</key>
					<int>9519</int>
				</element>
				<element>
					<key>0x7061</key>
					<string>CAR WASH/DETAILING</string>
				</element>
				<element>
					<key>0x7062</key>
					<int>38</int>
				</element>
			</dictionary>
			<dictionary>
				<element>
					<key>0x7060</key>
					<int>9518</int>
				</element>
				<element>
					<key>0x7061</key>
					<string>AUTO PARTS</string>
				</element>
				<element>
					<key>0x7062</key>
					<int>38</int>
				</element>
			</dictionary>
			<dictionary>
				<element>
					<key>0x7060</key>
					<int>999</int>
				</element>
				<element>
					<key>0x7061</key>
					<string>Landmarks</string>
				</element>
				<element>
					<key>0x7062</key>
					<int>6</int>
				</element>
			</dictionary>
			<dictionary>
				<element>
					<key>0x7060</key>
					<int>800</int>
				</element>
				<element>
					<key>0x7061</key>
					<string>THEATER</string>
				</element>
				<element>
					<key>0x7062</key>
					<int>18</int>
				</element>
				<element>
					<key>0x7065</key>
					<array>
						<int>9571</int>
						<int>7929</int>
					</array>
				</element>
			</dictionary>
			<dictionary>
				<element>
					<key>0x7060</key>
					<int>801</int>
				</element>
				<element>
					<key>0x7061</key>
					<string>BOWLING</string>
				</element>
				<element>
					<key>0x7062</key>
					<int>222</int>
				</element>
				<element>
					<key>0x7065</key>
					<array>
						<int>7933</int>
						<int>9575</int>
					</array>
				</element>
			</dictionary>
			<dictionary>
				<element>
					<key>0x7060</key>
					<int>802</int>
				</element>
				<element>
					<key>0x7061</key>
					<string>SPORTS CENTER</string>
				</element>
				<element>
					<key>0x7062</key>
					<int>22</int>
				</element>
				<element>
					<key>0x7065</key>
					<array>
						<int>7997</int>
						<int>7940</int>
					</array>
				</element>
			</dictionary>
			<dictionary>
				<element>
					<key>0x7060</key>
					<int>803</int>
				</element>
				<element>
					<key>0x7061</key>
					<string>TELEPHONE AND COMMUNICATION</string>
				</element>
				<element>
					<key>0x7062</key>
					<int>15</int>
				</element>
				<element>
					<key>0x7065</key>
					<array>
						<int>9502</int>
						<int>9501</int>
					</array>
				</element>
			</dictionary>
            <dictionary>
				<element>
					<key>0x7060</key>
					<int>9587</int>
				</element>
				<element>
					<key>0x7061</key>
					<string>AGRICULTURAL PRODUCT MARKET</string>
				</element>
				<element>
					<key>0x7062</key>
					<int>141</int>
				</element>
			</dictionary>
            <dictionary>
				<element>
					<key>0x7060</key>
					<int>9594</int>
				</element>
				<element>
					<key>0x7061</key>
					<string>LOTTERY BOOTH</string>
				</element>
				<element>
					<key>0x7062</key>
					<int>141</int>
				</element>
			</dictionary>
            <dictionary>
				<element>
					<key>0x7060</key>
					<int>9710</int>
				</element>
				<element>
					<key>0x7061</key>
					<string>WEIGH STATION</string>
				</element>
				<element>
					<key>0x7062</key>
					<int>40</int>
				</element>
			</dictionary>
            <dictionary>
				<element>
					<key>0x7060</key>
					<int>9718</int>
				</element>
				<element>
					<key>0x7061</key>
					<string>ANIMAL PARK</string>
				</element>
				<element>
					<key>0x7062</key>
					<int>17</int>
				</element>
			</dictionary>
            <dictionary>
				<element>
					<key>0x7060</key>
					<int>9719</int>
				</element>
				<element>
					<key>0x7061</key>
					<string>TRUCK DEALERSHIP</string>
				</element>
				<element>
					<key>0x7062</key>
					<int>40</int>
				</element>
			</dictionary>
            <dictionary>
				<element>
					<key>0x7060</key>
					<int>9719</int>
				</element>
				<element>
					<key>0x7061</key>
					<string>TRUCK PARKING</string>
				</element>
				<element>
					<key>0x7062</key>
					<int>26</int>
				</element>
			</dictionary>
		</array>
	</element>
</dictionary>
